,name,atoms,charge,error
0,00N,70,0,10.67068448715549
1,00S ARG,58,1,15.063773709837067
2,010 ALA,38,0,5.927932160314191
3,015,45,0,1.9267425392619366
4,03G,47,0,2.8865678930700396
5,05H,72,0,5.585750961827742
6,06S,74,0,12.554571450518496
7,08G,40,0,2.945570111990269
8,093,40,0,4.13000040569354
9,0AW,46,0,3.069306741432956
10,0BA,76,0,5.099583225484498
11,0E7,78,0,5.055348797221894
12,0JO ALA,56,0,3.6095714774954506
13,0ME,46,0,2.764529768403574
14,0QI,48,0,4.169374203040934
15,0SA,78,0,5.450942943478812
16,0T9,75,0,4.833138876940696
17,0V5 ALA,39,0,7.964237401055733
18,0V6,42,0,2.545217348646919
19,0Z3,70,1,13.859216830475715
20,144 GLU,47,0,19.90997323012505
21,147 TRP,72,0,10.817941902403174
22,152 TYR,60,1,11.959225719571583
23,16D ASP,48,-1,11.703652057814098
24,16G ILE,66,0,2.7633846637500232
25,16H,75,0,5.3687805233925046
26,173 TYR,50,0,2.46148739693882
27,19T,44,0,2.908743064926239
28,1BI,74,0,4.308309442899675
29,1BO ARG,51,1,19.74794006389792
30,1CY VAL,59,0,6.241671842233902
31,1DX,78,0,5.203068578960504
32,1F1 SER,42,0,13.28760451207644
33,1GF,77,0,4.515276510361906
34,1GP TYR,52,0,2.317283800369559
35,1GR,42,0,2.2329567363292475
36,1OO,45,0,3.2193476636242444
37,1PC,43,0,5.06034966733326
38,1PS LYS,58,1,13.691349165893351
39,1R3,79,0,78.16197438205765
40,20K,42,0,4.315836103614048
41,210 LYS,58,1,51.88512871354315
42,22H,46,0,5.850270754876288
43,26F,70,0,4.923124705689002
44,2A8,42,0,2.025328753889092
45,2AN VAL,62,0,5.672152317455039
46,2CS,76,0,4.175485840175922
47,2F8 ASN,59,0,6.018549525752315
48,2FA THR,58,0,3.6891954700370357
49,2G5,47,0,6.204949865163912
50,2HG LYS,52,1,21.184176001436814
51,2IL,80,0,3.0718521510537053
52,2J9 LYS,61,1,20.60231541481343
53,2M8 TRP,70,0,3.2088872326138596
54,2MG,41,0,3.594295376710377
55,2PG LYS,52,1,22.466797213873118
56,2UW,42,0,3.716256239250571
57,308 ALA,50,0,11.527509222562285
58,34G,75,0,6.597106431279341
59,35G THR,61,0,3.6972817882504185
60,35S,70,0,3.8124625961707754
61,37J,46,0,3.2486919637296525
62,388 CYS,59,0,9.579154737133893
63,389,70,0,2.983227443761037
64,3AA,75,1,30.88178700003967
65,3AB SER,41,0,0.731860410791382
66,3CX THR,60,0,4.734741076566085
67,3D1 THR,57,0,13.390969834724173
68,3E4,74,0,6.044174523495571
69,3EN,73,0,4.392771762975867
70,3FT,44,0,2.169985930098321
71,3HA ARG,54,1,16.60619894844139
72,3HB ILE,47,0,1.4986694838170176
73,3JQ,71,0,18.000615197521498
74,3JX,70,0,4.2543118178184764
75,3KM,70,0,4.522916607358315
76,3P2,50,0,4.655650342098751
77,3PG THR,44,0,14.158475666142234
78,3PL TYR,53,0,2.331098299745402
79,3QN,48,0,7.210185980774743
80,3X9,41,0,4.963189276932907
81,40B,46,0,8.502279467146177
82,419,80,0,7.647782339005627
83,42C ASN,47,0,2.808689232313029
84,42J PHE,52,0,1.703835383177971
85,44F,43,0,3.2160952812857837
86,4BO,41,0,2.0967893410818457
87,4C9,72,0,2.9657155483956257
88,4CS PHE,52,0,1.6846832258499893
89,4GE,42,0,3.6421617338458923
90,4HP TYR,52,0,7.138001925346584
91,4LB,42,0,1.9088432966278763
92,4LY,71,0,6.719201358515743
93,4MU PHE,53,0,4.740686374101885
94,4NC PHE,48,0,1.9193971581355274
95,4PT,79,0,19.01553666980431
96,4RD,45,0,2.5993589921289337
97,4TH,74,0,4.8095103710498535
98,4ZZ,44,0,3.423299780307166
99,51G,76,0,4.938317471250128
100,525,75,0,3.5367029943293247
101,58G,40,0,2.273915459777264
102,593,49,0,1.9159289213920097
103,5AF,73,0,4.6438173928560795
104,5CQ,43,0,1.3199919487952785
105,5E9,71,0,5.221781924544808
106,5EG,44,0,5.396252526658726
107,5H2,48,0,3.068165477391287
108,5ID ILE,64,0,3.810595990580623
109,5LD LYS,57,1,15.460351250180732
110,5MJ,45,0,1.8304566119615628
111,5O3,48,0,3.438819511922904
112,5RQ,71,0,3.410687294428337
113,62S,77,0,8.436693702992246
114,63G,45,0,6.9651295260663675
115,63Q,77,0,6.0524142599988
116,65P,71,0,3.799297246013723
117,67A,42,0,4.282606044435993
118,6A5,47,0,3.6318472575165086
119,6BU,48,0,5.149824050620292
120,6CM,75,0,4.560045280290554
121,6EK,80,0,7.051423907842319
122,6GD,47,0,2.6471497564743913
123,6GG,80,0,6.5494142386512575
124,6KV,48,0,4.533043579225017
125,6NT GLN,45,0,1.6616991447971992
126,6PG LYS,64,1,17.1890964836689
127,6QM,42,0,2.600592233246102
128,6S9,45,0,2.6011750184094935
129,6TD,41,0,2.832671947226966
130,6UF,42,0,3.6436950984233083
131,6W4,74,0,5.669975691340773
132,6X5,70,0,5.330095717580359
133,6ZH,43,1,19.22583711434846
134,704,41,0,2.3556146683914347
135,783,46,0,14.075985591280753
136,79C,74,0,5.602157527066771
137,7BK,44,0,2.979021958569744
138,7CQ,44,0,153.9240287021974
139,7D9,71,0,10.610505950233993
140,7GM,42,0,2.3319637261185564
141,7HR,77,0,7.670401725247697
142,7LK,43,0,2.2978650900975075
143,7OU,40,0,3.3235681684589102
144,7TS ALA,58,0,4.387869063793268
145,7UI,48,0,4.188937577199734
146,7VI,74,0,3.9987190714458443
147,7VZ,40,0,4.414660451682559
148,7XU,70,0,4.0698244209019725
149,7Y2,76,0,4.931933824755348
150,7YN,50,0,5.721290529743095
151,800,76,0,4.0765347999984645
152,82O,74,0,4.4856763028301225
153,891,47,0,5.107683530145652
154,8BM,70,0,5.061816241626123
155,8G7,48,0,1.9456685957064717
156,8KP,43,0,2.8532000111171834
157,8Q4,48,0,2.5036109285588384
158,8QI,47,0,5.341214472964121
159,8Y8,50,0,2.972468167750574
160,90X,75,0,9.499185879073694
161,91N,42,0,4.548738873318184
162,96L,80,0,5.710851141936049
163,988,41,0,1.8485972064658804
164,99C,40,0,7.246873189437772
165,9HR,70,0,4.423760727313412
166,9JE VAL,47,0,2.1090106900158085
167,9KR,70,0,5.6041888000040165
168,9L2,41,0,4.681439922522259
169,9LL,41,0,3.6341836258050333
170,9MG LEU,50,0,2.3832816717151823
171,9MX,79,0,8.065233111819381
172,9NK,42,0,4.764388323307907
173,9ON LYS,54,1,9.826659398814162
174,9RI,44,0,3.0322609770925837
175,9TR,42,0,3.7251865280362835
176,9TY MET,44,0,5.369283128932875
177,A3G,40,0,2.1382639849644978
178,A5P ARG,63,1,48.811847294056015
179,ABN ALA,39,0,8.277405921396268
180,AC2 TYR,60,0,3.316390001753785
181,ACH THR,52,1,5.180042832057774
182,ADK PHE,50,0,1.3029334010678415
183,ADN HIS,62,1,43.562993350033906
184,AE0,73,0,2.5634805115227612
185,AE3 ASP,47,-1,12.063994812709199
186,AGI LEU,61,0,2.3393604576698435
187,AGJ,44,0,2.1526427391927023
188,AGP LYS,66,1,27.866029847824635
189,AGS,47,0,13.65376807501711
190,AHD LYS,57,-3,35.63565373267334
191,AHG LYS,67,1,6.37685785228435
192,AIR SER,56,0,4.105728963035573
193,AKG HIS,46,1,13.446674260872047
194,AKJ,42,0,3.4927693379845652
195,ALA-ASN-GLN-GLN-VAL,86,0,5.928862431810477
196,ALA-GLN-ALA-GLN-CYS,77,0,5.747927947502062
197,ALA-GLY-ILE-SER-THR,73,0,3.743300430653471
198,ALA-PRO-ILE-TRP-SER,90,0,5.074288552571024
199,ALA-SER-VAL-HIS-ASP,78,-1,5.796745642009126
200,ALA-THR-LEU-ASN-TYR,90,0,6.47766021616634
201,AMG VAL,55,0,4.584833576033513
202,AMH GLY,45,0,1.7357003095818477
203,ANN TYR,52,0,2.5308559361560685
204,ARG-ALA-TRP-PRO-ILE,103,1,11.814368243316292
205,ARG-ALA-VAL-THR-GLU,91,0,5.891068921394698
206,ARG-CYS-ILE-TRP-GLU,105,0,8.907614021362841
207,ARG-MET-PHE-ASP-TYR,106,0,13.664408074363989
208,ARG-THR-ASN-SER-THR,89,1,12.509752058379268
209,ASC PHE,52,0,4.4203521785876045
210,ASJ ALA,39,0,3.5618219753589884
211,ASN-ASN-HIS-PHE-PHE,97,0,4.29446681210118
212,ASN-GLN-ARG-SER-ILE,97,1,13.013389893174786
213,ASN-HIS-ASP-HIS-CYS,83,-1,20.615620809921854
214,ASN-HIS-ILE-SER-ASN,87,0,9.08948726778795
215,ASN-HIS-PHE-PHE-ALA,93,0,4.8517702288490705
216,ASN-HIS-TRP-PHE-GLN,104,0,5.588425112718444
217,ASN-ILE-ASP-PRO-ALA,81,-1,9.047358918804093
218,ASN-LYS-GLU-LEU-MET,99,0,10.230937284378
219,ASN-MET-MET-ALA-LEU,89,0,6.477340127779623
220,ASN-VAL-TRP-ALA-ASN,90,0,4.52934512764154
221,ASO GLU,50,-1,10.654686841916716
222,ASP-ALA-PHE-ASP-VAL,82,-2,8.487732596928739
223,ASP-ALA-TRP-VAL-HIS,91,-1,9.774856069267035
224,ASP-LEU-HIS-GLU-ARG,99,-1,8.10777843746263
225,ASP-LEU-TYR-THR-GLN,95,-1,7.412220513310199
226,ASP-MET-LEU-CYS-VAL,87,-1,8.664877675340621
227,ASP-MET-THR-CYS-ASN,80,-1,7.941694693110346
228,ASP-MET-TRP-PRO-GLN,96,-1,13.59152520759332
229,ASP-PRO-GLN-ILE-THR,88,-1,13.08049238549154
230,ASP-PRO-LEU-ILE-LEU,95,-1,6.3473639286888
231,ASP-SER-GLU-ASP-ASP,74,-4,13.761219344916269
232,ASP-TRP-GLN-ASN-GLY,86,-1,28.021845227503217
233,ASP-TYR-ALA-GLN-HIS,89,-1,12.012403956121286
234,ASP-VAL-GLY-ALA-GLN,74,-1,12.278512860444284
235,ASP-VAL-ILE-SER-HIS,87,-1,7.339582295500602
236,AT3 GLY,45,1,12.372972520907124
237,AVJ TRP,66,1,20.073692928333912
238,AWN,46,0,1.413997474455876
239,AX7 PHE,49,0,9.6749102988016
240,AXF,76,0,5.900096676261859
241,AZM GLN,48,0,7.241104073729204
242,B0B,71,0,4.906922786145393
243,B0Z,42,0,2.4401172747055373
244,B8Q,40,0,7.742692450899388
245,BA7,71,0,11.039463692459766
246,BCN LYS,58,1,18.895562211250297
247,BEN ASN,43,0,1.5935372024518275
248,BET TYR,53,1,11.451485576996735
249,BEZ VAL,43,0,2.1999774182483733
250,BG6 TYR,62,0,3.4378978444788824
251,BGC ARG,60,1,13.994990436680544
252,BHO TYR,50,0,3.271192151646553
253,BM0 ILE,56,1,17.726074284864445
254,BM3 ASN,56,0,14.674353982851203
255,BMP LYS,69,1,16.6142243563107
256,BMQ LYS,69,1,14.000032616786
257,BNL MET,51,0,2.3258568528468864
258,BPY LEU,55,0,2.7701052179149377
259,BT2,76,0,3.3451837576023538
260,BU1 GLY,35,0,14.342713662681895
261,BU2 LYS,50,1,8.6864198499761
262,BU3 ARG,52,1,15.93456673849885
263,BZI PHE,47,0,2.2539752626145653
264,C10,75,0,6.76961079600183
265,C12,40,-1,18.546350103514445
266,C36,40,0,5.139498426156206
267,C4D,72,0,9.762725433501709
268,C5P GLN,64,0,4.279974246845813
269,C5V,49,0,1.7922922851170975
270,CAM THR,53,0,1.790442409821844
271,CAP LYS,69,1,16.55673103175852
272,CDP,40,0,7.4745369380259135
273,CG5,80,0,6.688984580202022
274,CHT MET,50,1,9.487638997415504
275,CIT HIS,51,1,21.1466415837703
276,CIY MET,52,0,5.238260491946777
277,CL8,43,0,4.466032518827301
278,CLM PRO,58,0,3.659595079221294
279,CMP CYS,57,0,5.358522480237459
280,CN4,72,0,7.490652875280082
281,CNS,74,0,2.349050054572096
282,COU PHE,49,0,7.683465828629495
283,CP6 TRP,66,0,7.50375089542059
284,CRB LYS,66,1,8.319485399407858
285,CS2 GLU,52,-1,15.807661726310956
286,CTN PHE,62,0,4.188154174852308
287,CTS GLU,55,-1,18.226449192840178
288,CXS TYR,66,0,4.516901517241544
289,CY3 GLY,34,0,3.192582945390354
290,CYH PHE,49,0,5.281695344339904
291,CYS-ARG-TRP-HIS-LEU,107,1,14.454426423423865
292,CYS-ASP-ILE-ALA-GLU,79,-2,11.383054977358066
293,CYS-GLU-CYS-VAL-LEU,84,-1,6.945751145982164
294,CYS-GLY-ALA-VAL-ASP,68,-1,7.92789053288733
295,CYS-GLY-LEU-PHE-ASN,83,0,5.5178495323159344
296,CYS-HIS-THR-ASN-HIS,85,0,3.382499167069101
297,CYS-ILE-TRP-LYS-ALA,98,1,7.732184141746742
298,CYS-MET-CYS-GLN-TYR,89,0,4.120340912537358
299,CYS-PRO-SER-TYR-THR,83,0,3.3692118132427114
300,CYS-SER-VAL-THR-TRP,88,0,5.087948904213166
301,CYS-TRP-TRP-GLU-CYS,97,-1,10.655607194399312
302,CYS-TYR-SER-ILE-CYS,85,0,4.729335809905509
303,D03,78,0,5.102830601140643
304,D10 ALA,54,0,2.552741397541346
305,D1D THR,42,0,2.9790288094715733
306,DCM TYR,67,0,10.711248062900914
307,DCX,41,0,0.864059549057937
308,DDS,45,0,15.933896595617666
309,DEP TYR,52,0,4.5666987958327
310,DFP HIS,55,1,22.011408563211607
311,DG2 LYS,57,1,20.978088598390606
312,DGJ ASN,50,0,3.875081551790774
313,DGL THR,45,0,6.535988631497781
314,DHB LEU,48,0,3.9938166517040776
315,DHK ILE,53,0,20.65580741281964
316,DHY PRO,46,0,3.6683216906328906
317,DIF TYR,63,0,2.5813079123081275
318,DIH SER,59,1,6.186238023236608
319,DKA ALA,54,0,2.114791558616141
320,DMJ GLU,51,-1,8.4545608375633
321,DMU,75,0,5.229974661191469
322,DNF ALA,39,0,5.00045067342936
323,DOR PRO,43,0,2.1664711671533747
324,DP6 LYS,66,1,88.37288552239664
325,DQJ,43,0,2.7954799779846833
326,DQV,72,0,11.438211765878886
327,DQY HIS,50,1,23.186193332355955
328,DRY,70,0,5.025100679127759
329,DSU,74,0,8.549682945811057
330,DSV,41,0,2.6155872176059347
331,DT4,50,0,4.773500182068367
332,DTB ARG,69,1,21.548794639618023
333,DTD TYR,49,0,5.869924243471501
334,DTT GLY,37,0,12.834960860355892
335,DTU TYR,51,0,8.01711831952877
336,DTV PHE,50,0,4.753436882420566
337,DUR GLU,55,-1,13.705086536692397
338,DUT,43,0,13.703066396506943
339,DVM,73,0,8.504170468729878
340,DX0,74,0,4.941609698613401
341,DXE TYR,49,0,1.9405916333748285
342,DXP THR,50,0,5.813935909417665
343,DYU,50,0,2.3094313609200374
344,E10,76,0,3.973417656373931
345,E2M,71,0,10.688828988354686
346,E2Q TYR,64,0,23.38207068702549
347,E4P LYS,55,1,10.384627139834224
348,E5A,80,0,8.084761617733845
349,E7G,46,0,9.385334542104667
350,EDT TYR,69,0,3.970712385186198
351,EE4,71,0,6.213090239004911
352,EEG,71,0,4.290695330055961
353,EF2 VAL,57,0,2.6156045211899457
354,EFZ LYS,64,1,12.871228115886899
355,EJR,45,0,2.551771376502923
356,EK8,76,0,4.256167644155115
357,EMO TYR,63,0,8.414617706546576
358,EN7,74,0,7.389948412433619
359,EPB,76,0,4.908113064635513
360,EPE TRP,69,0,7.596162125999318
361,ETB,80,0,20.69620152391419
362,ETE GLY,53,0,3.372310000533374
363,ETM CYS,44,1,8.409699790242868
364,ETX LYS,50,1,17.836473888192348
365,EUW,70,0,4.7547892600672235
366,EZF,70,0,4.661840604575829
367,F05 GLY,37,0,1.6342249233921595
368,F09 ALA,52,0,12.607987595557965
369,F2D,46,0,1.0389982561141855
370,F4Q,42,0,5.780115164613299
371,F6F ILE,63,0,4.790114574069594
372,F6M,77,0,9.002513681390862
373,F6P MET,58,0,4.830788758697518
374,F72,76,0,8.936431581740909
375,F8J,78,0,3.9908744924700135
376,FBP THR,60,0,4.559561963871723
377,FCN SER,38,0,4.3446702506586
378,FDP LYS,68,1,25.21715447341048
379,FER ALA,46,0,2.8043023997874923
380,FG6,46,0,3.716265881586393
381,FGO,71,0,12.386974242208574
382,FGY,73,0,4.606452831992485
383,FL7,50,0,4.482307044905853
384,FLC ARG,54,-2,44.697154408685634
385,FLP ILE,62,0,3.4866326628124322
386,FMC ARG,68,1,9.343489202495322
387,FOM LYS,55,1,27.174192999202287
388,FQ8,75,0,128.4163060901385
389,FUD VAL,52,0,2.1333354612861717
390,FUN ILE,63,0,11.979270283339186
391,FUO,74,0,3.862493371960267
392,FZE,75,0,4.280143248351265
393,G16 THR,59,-1,23.392617593946408
394,G1P ASP,53,-1,7.3622836020113835
395,G2L,48,0,5.981624051626002
396,G3F ALA,45,0,2.24602675041048
397,G3H ASN,43,0,3.8155829404516326
398,G3P GLY,38,0,1.7949051570540986
399,G49,40,0,7.4393660160087975
400,G4N,79,0,4.191758512852539
401,G6P ARG,65,1,39.28249410425415
402,G6Q ARG,65,1,16.606941563899696
403,GAD HIS,49,1,16.834441598534532
404,GAR LYS,65,-1,16.243431416320202
405,GAU LYS,54,1,4.9150845387948925
406,GCO PRO,51,0,2.4974199950790434
407,GDE PHE,50,0,2.3707131555713
408,GDL TYR,61,0,4.233504796307534
409,GEN VAL,58,0,1.1793070222469395
410,GIM HIS,57,2,31.64031623889516
411,GLN-ASN-HIS-SER-ASN,85,0,7.4280518698941
412,GLN-ASP-CYS-TYR-ARG,97,0,6.722366289648117
413,GLN-CYS-ILE-PRO-GLN,90,0,4.994207024174587
414,GLN-GLN-ILE-CYS-CYS,87,0,7.6996220716448285
415,GLN-GLN-TYR-GLU-ILE,101,-1,7.085538728675359
416,GLN-GLU-SER-CYS-LYS,88,0,9.022850124320959
417,GLN-HIS-VAL-HIS-ASN,93,0,3.9475123606054696
418,GLN-LEU-HIS-SER-VAL,92,0,4.5727710337704695
419,GLN-LYS-ALA-GLN-LEU,97,1,14.916133925889314
420,GLN-SER-ALA-LEU-LYS,91,1,7.410343057151638
421,GLN-SER-GLU-GLY-PHE,82,-1,7.090527070973379
422,GLN-SER-LEU-MET-TRP,100,0,5.590716419754285
423,GLP TYR,63,0,6.565986632899876
424,GLU-ALA-PRO-GLU-ASP,78,-3,17.71785064397328
425,GLU-ASP-GLY-GLU-GLU,76,-4,15.332699882902832
426,GLU-CYS-ALA-HIS-LYS,87,0,5.7419232322292775
427,GLU-CYS-ASP-PHE-ASP,82,-3,15.286669477586273
428,GLU-GLU-ARG-PHE-VAL,102,-1,11.525830826950227
429,GLU-LYS-CYS-ILE-ALA,89,0,6.274131124922941
430,GLU-PRO-PRO-PHE-PHE,95,-1,8.118579345513233
431,GLU-THR-LYS-SER-LEU,93,0,8.418680836165407
432,GLU-TRP-THR-ASN-ASP,91,-2,14.977976802915995
433,GLY-ALA-GLU-LEU-PHE,83,-1,7.540834024369219
434,GLY-ARG-ASP-CYS-SER,77,0,6.761296859793866
435,GLY-ASP-ALA-ARG-TYR,86,0,9.48684776198093
436,GLY-CYS-ARG-TRP-TRP,102,1,10.244371093837577
437,GLY-GLU-ASN-TRP-ASP,84,-2,10.341328712460138
438,GLY-ILE-CYS-SER-PRO,74,0,5.112254265222146
439,GLY-PHE-THR-PRO-ARG,91,1,8.105566513284511
440,GLY-THR-ASP-ALA-HIS,72,-1,11.348517335037306
441,GLY-THR-VAL-VAL-SER,76,0,5.5547954033457145
442,GLY-TRP-TYR-ALA-ARG,98,1,8.118515883496407
443,GMP PHE,65,0,6.405892506733815
444,GMX,41,0,3.8514251225039415
445,GN1 GLY,54,0,4.77209994704212
446,GP1 LYS,64,1,21.555756512520425
447,GPJ LYS,53,2,26.901182232822126
448,GTR LYS,57,1,16.835044724193317
449,GUM,75,0,5.366066791874699
450,GUN ALA,38,0,3.1735439218904906
451,GVE LEU,50,0,1.779142922003747
452,GW5,49,0,2.5073247531491183
453,GYP ALA,49,0,3.6196473568998044
454,GZ5,73,0,4.252824675229527
455,H08,45,0,2.9682305078077156
456,H1I,71,0,5.380444187406748
457,H2B TRP,66,0,4.598811767952025
458,H4B ALA,54,0,2.5988349156078283
459,H6P SER,50,0,25.546681894340793
460,H8H,70,0,3.2421928485744704
461,HAI GLU,48,0,11.700401787588474
462,HBI ARG,66,1,14.995499553213449
463,HC3,75,0,2.841747184660522
464,HCA LYS,58,1,25.0982396571496
465,HCI LYS,55,1,6.65876402137704
466,HEK,75,0,9.711052662708648
467,HEZ TRP,58,0,6.039485404163214
468,HG8,76,0,5.4935063434467235
469,HHR ASP,45,-1,13.729247840579045
470,HIS-ALA-CYS-TYR-TYR,92,0,5.58315211387348
471,HIS-ARG-GLU-HIS-LYS,107,1,15.623991175222262
472,HIS-ARG-GLY-PRO-PHE,94,1,11.011493415733275
473,HIS-ASP-ASP-ALA-PHE,83,-2,12.312527078268532
474,HIS-GLU-VAL-LEU-PRO,93,-1,7.891554557145152
475,HIS-HIS-GLN-ASP-ALA,85,-1,6.411087293781424
476,HIS-ILE-ALA-CYS-THR,83,0,5.218485396952827
477,HIS-PHE-LYS-PRO-ASN,99,1,10.74295468899735
478,HIS-PRO-ILE-MET-GLU,94,-1,8.670877053472699
479,HIS-PRO-LEU-GLU-TRP,101,-1,14.00587120635157
480,HIS-SER-ASN-GLN-CYS,82,0,4.441949241946309
481,HIS-SER-ILE-VAL-PHE,95,0,4.897612631678445
482,HIS-SER-SER-HIS-ARG,92,1,11.984365889750512
483,HJF,48,0,2.2583149221855114
484,HLW,44,0,3.884750693848926
485,HMT,78,0,6.657736008415426
486,HP6 LEU,54,0,1.123562297105026
487,HR5 LEU,63,0,4.006628203098322
488,HSM LEU,48,0,2.203351871608821
489,HSO GLY,41,1,21.573411657136198
490,HSX ALA,47,0,11.370699833971432
491,HTO HIS,56,1,20.265652544258774
492,HUR,74,0,6.9986634152857325
493,HWE,80,0,4.030447266839231
494,HY0,73,0,4.079912634722132
495,HY1 TYR,50,0,1.8478084742123935
496,I22 GLY,52,0,4.588537202645805
497,I3C GLY,39,0,2.747319192116265
498,IAC PHE,54,0,2.1679625348934173
499,IBM GLY,49,0,13.021454647049783
500,IES,80,0,6.169601757276784
501,IH3,76,0,6.920158818689621
502,IHD,50,0,1.9883677690795998
503,IHL,44,0,3.546642396678524
504,IJ7,47,0,2.072460618212305
505,ILE-ALA-TYR-ALA-GLY,79,0,3.8408934781196877
506,ILE-ILE-LYS-MET-ASN,103,1,10.211785623871158
507,ILE-LYS-PHE-LEU-ASN,106,1,11.211177507616716
508,ILE-MET-CYS-MET-LEU,95,0,6.598305083880162
509,ILE-PHE-PRO-HIS-MET,99,0,3.55396965766041
510,ILE-SER-GLN-VAL-LEU,94,0,5.575332140661421
511,ILE-SER-TRP-HIS-LEU,102,0,4.29272422941366
512,ILE-THR-GLU-ASN-GLN,91,-1,10.571095967019533
513,ILE-TRP-PRO-SER-ALA,90,0,7.213033706807215
514,ILE-VAL-LYS-ASP-LEU,100,0,6.490947447410468
515,J10,44,0,2.1500488883215843
516,J1C,80,0,5.306103494569673
517,J1F,80,0,11.220437796795967
518,J2B,74,0,12.51416809055453
519,J3C,42,0,2.880585766547544
520,J75,47,0,2.478269591476419
521,J7I,78,0,4.213064981170626
522,J8C,72,0,7.618624539833238
523,JAY,77,0,5.2476536435988645
524,JBL,43,0,3.1247812173690668
525,JCM,75,0,4.115627724929719
526,JE6,50,0,2.6942970636456773
527,JRH,74,0,9.507602307557843
528,JUV,40,0,2.3170000463845404
529,JYH,45,0,0.9367299989080897
530,K3B,50,0,4.704241267359692
531,KDT,45,0,5.287773598638726
532,KFC,49,0,2.289781819260275
533,KJ8,70,0,6.009973430228516
534,KK6,70,0,4.700214439552736
535,KMJ,49,0,1.8928384458697918
536,KMM,49,0,1.2502317504800482
537,KZZ,72,0,2.9109414667372926
538,L18,48,0,1.9162439759041363
539,L6J,40,0,2.578473829332345
540,LA1,76,0,6.887083602132528
541,LAW,79,0,8.572968153638714
542,LB8,72,0,4.9065939741744335
543,LEU-ALA-GLU-ARG-LYS,102,1,12.621584874109088
544,LEU-ALA-MET-ASP-MET,87,-1,9.084972604841136
545,LEU-ARG-THR-CYS-ILE,99,1,6.852763644467632
546,LEU-ASP-ILE-GLN-LYS,101,0,7.510563558294477
547,LEU-CYS-HIS-ASN-ASP,85,-1,7.107236289036519
548,LEU-GLY-ASP-GLY-ILE,76,-1,8.74418427410314
549,LEU-ILE-SER-SER-GLU,87,-1,4.302709050663785
550,LEU-THR-GLU-CYS-TRP,95,-1,12.217810271660953
551,LLN,75,0,3.755982444125079
552,LPW,47,0,3.4258285558848
553,LSH,42,0,3.9435573113264883
554,LX3,73,0,6.4719628543268
555,LX8,50,0,2.720812717626864
556,LXI,46,0,8.34238416431787
557,LYS-ASN-ILE-HIS-CYS,95,1,13.126788875007898
558,LYS-CYS-ASP-PHE-PHE,97,0,7.334185383972201
559,LYS-CYS-SER-LEU-MET,92,1,11.450507093406404
560,LYS-GLU-SER-GLU-PRO,89,-1,7.775493435116045
561,LYS-HIS-GLY-PRO-HIS,89,1,11.195622430664177
562,LYS-LEU-ILE-CYS-SER,94,1,9.267432678389822
563,LYS-SER-PRO-HIS-ASP,88,0,5.631025989487049
564,LYS-THR-GLN-ILE-ASP,96,0,14.309256637668941
565,M1G,40,0,3.7853116604806725
566,M2D,73,0,8.545124925254802
567,M95,45,0,2.2479620072858073
568,MET-GLN-SER-HIS-TYR,95,0,7.158705041327145
569,MET-GLY-PRO-SER-TRP,85,0,2.992142641657847
570,MET-GLY-THR-SER-THR,75,0,5.40259000975299
571,MET-LEU-ALA-SER-VAL,85,0,5.08732899144169
572,MET-THR-CYS-THR-ASN,82,0,6.531297417457487
573,MET-THR-GLN-SER-ASP,83,-1,7.3216730022195
574,MET-TYR-ALA-ILE-ARG,103,1,8.518272908000572
575,MET-VAL-PHE-VAL-LEU,100,0,8.360144341892415
576,MHQ,72,0,4.079431917169697
577,MI6,74,0,9.181798862225454
578,MNO,70,0,5.433331248434357
579,MQU,41,0,2.1577841851688087
580,MR2,46,0,3.507510579472647
581,MT9,76,0,10.74349499224724
582,MVB,48,0,3.478375754574679
583,MYD,72,0,10.619714116059267
584,N0Q,70,0,5.560559061896331
585,N0S,77,0,8.840819010618079
586,N4X,43,0,1.9421019111587763
587,N53,78,0,4.562495213219437
588,N5G,76,0,14.363492268142888
589,N8T,79,0,4.496616078244309
590,NAH,71,0,45.891234211330364
591,NCL,79,0,3.565906401654259
592,NL3,42,0,4.137933848517827
593,NVE,70,0,7.01401869651163
594,NXQ,42,-1,49.126858934260234
595,O8J,75,0,6.1313727378245355
596,OD1,41,0,3.395102720322191
597,OG5,75,0,10.506842709856413
598,OGK,50,0,4.638221021507424
599,OOU,77,0,5.124738097397333
600,OXR,50,0,6.056213266706537
601,OXW,50,0,4.346962328230924
602,P30,72,0,5.063291052390397
603,P7D,43,0,4.430817517201568
604,P8Y,44,0,4.9312400059564325
605,P9R,79,1,54.312690986328136
606,PBU,72,0,9.218746120403376
607,PFY,77,0,5.8906055129521215
608,PHE-ASP-ARG-GLU-CYS,94,-1,11.415107666727595
609,PHE-ASP-ASN-CYS-ALA,79,-1,8.835774516127357
610,PHE-GLN-ARG-ALA-THR,97,1,12.332509370284809
611,PHE-GLN-GLY-PHE-CYS,87,0,3.990421668889273
612,PHE-GLN-ILE-HIS-ASP,97,-1,7.366876317381361
613,PHE-HIS-MET-GLY-PHE,93,0,3.3520513554320335
614,PHE-ILE-ILE-HIS-VAL,103,0,4.295718525941871
615,PHE-PRO-GLU-THR-PRO,89,-1,12.100806386053025
616,PHE-SER-GLN-CYS-ASP,83,-1,9.768120648182553
617,PHE-SER-GLY-MET-ASN,81,0,5.879869195449606
618,PHE-THR-LYS-THR-ILE,101,1,20.376915085924946
619,PHE-VAL-PHE-ASN-GLU,97,-1,6.846433439583052
620,PP9,76,0,8.116728044326656
621,PRO-ALA-PRO-HIS-PRO,81,0,4.896241787884597
622,PRO-ARG-LEU-ALA-TYR,100,1,10.672115858738835
623,PRO-CYS-PRO-PRO-GLN,82,0,6.375496333452206
624,PRO-CYS-SER-PHE-LYS,90,1,14.39773034438355
625,PRO-GLY-VAL-THR-TYR,84,0,5.0311890767015734
626,PRO-HIS-GLU-ILE-GLY,84,-1,5.847294434634064
627,PRO-ILE-HIS-LEU-GLU,96,-1,11.063465862640037
628,PRO-MET-CYS-PRO-GLY,75,0,4.6629020451403145
629,PRO-PHE-HIS-ASN-LEU,96,0,5.6345269586179505
630,PRO-PRO-GLU-VAL-TRP,95,-1,5.980885738698999
631,PRO-SER-PRO-MET-CYS,79,0,5.974117633991409
632,PRO-THR-ILE-TYR-PHE,100,0,5.405896364790129
633,PRO-TYR-ARG-ASP-ASP,95,-1,12.393867705142798
634,PRO-TYR-SER-LEU-SER,88,0,8.01453173379236
635,PXG,42,0,5.750669346202469
636,PZ2,41,0,1.802923229826168
637,PZY,76,0,3.382037294898085
638,Q1V,74,1,37.46239788251615
639,QB3,43,0,2.2425982726246327
640,QB5,50,0,1.890463539175188
641,QDY,80,0,3.7536138728220574
642,QHR,77,0,2.8610418359666556
643,QLR,50,0,1.2179310011044435
644,QN2,70,0,9.955410383004022
645,QNO,46,0,2.3804665262770466
646,QQ1,50,0,6.449640791351218
647,QQH,48,1,9.40027941046331
648,QSA,46,1,7.56632397370518
649,QTB,47,0,4.982714803323405
650,QWJ,50,0,10.194672745497623
651,QWT,78,0,4.705712408653603
652,R5X,43,0,1.5620032812678093
653,R7K,40,0,3.9201522056634226
654,RD0,71,0,4.45833305666456
655,RFT,47,0,5.436154781371685
656,RID,78,0,4.698690892452012
657,RK2,49,0,3.65079994013035
658,RMB,40,0,4.120821062716034
659,RMS,47,0,3.049154445223717
660,RPF,76,0,6.635740557551778
661,RS1,48,0,4.08367144412243
662,RS9,44,0,1.942088712005352
663,RTH,43,0,0.7030517336041764
664,RV2,40,0,1.8546288760067708
665,S1X,47,0,2.6796466443745075
666,S49,72,0,5.121722623845562
667,S4T,70,0,5.825423733431348
668,S6T,47,0,1.6402044663773268
669,SCK,50,2,12.07198632843186
670,SCR,77,0,17.627335918080966
671,SER-ALA-ALA-THR-SER,68,0,3.4827607622685415
672,SER-ALA-SER-CYS-ARG,79,1,10.071270174768546
673,SER-ASP-GLN-ASP-SER,75,-2,13.52365331983197
674,SER-HIS-CYS-TYR-PRO,86,0,4.1140010421017195
675,SER-MET-ASN-ALA-HIS,81,0,4.540901056001571
676,SER-MET-ILE-ARG-GLY,90,1,10.604385576964868
677,SER-THR-ASN-ARG-GLU,90,0,6.108271048408157
678,SER-TYR-TYR-PRO-ASN,93,0,6.139034131641609
679,SIM,71,0,5.21354552294029
680,SLM,41,0,7.409680213148628
681,SUZ,42,0,3.529786456701792
682,SXU,79,0,9.556288530869157
683,SZS,48,0,3.2380930797661778
684,T0K,76,0,6.232265413680256
685,T3B,73,0,5.968011359580689
686,T8Q,71,0,3.5449470484031838
687,TAD,70,0,11.096052666270003
688,TB9,41,0,2.9517872680111195
689,THR-ALA-ALA-VAL-PRO,76,0,3.5541970564448597
690,THR-ALA-ARG-GLU-CYS,86,0,7.2368924013494205
691,THR-CYS-HIS-PHE-LEU,93,0,4.276572117618182
692,THR-GLY-CYS-GLU-THR,73,-1,12.63317178886185
693,THR-ILE-ASN-MET-CYS,87,0,5.084198077969551
694,THR-PHE-VAL-ASN-GLU,91,-1,12.088443190544139
695,THR-SER-CYS-MET-ARG,89,1,6.123325072110877
696,THR-TYR-ARG-PRO-GLU,100,0,11.08554204980901
697,THR-TYR-GLY-PRO-ASN,82,0,4.966497725736796
698,THR-TYR-PHE-ALA-CYS,88,0,4.198545259008824
699,TJ3,40,0,2.7568709470053565
700,TJ7,47,0,4.661145849480575
701,TKN,71,0,4.677393094578454
702,TL1,50,0,5.535673571185746
703,TO7,43,0,7.644917316093698
704,TQA,71,0,6.494818933975087
705,TRP-ALA-ARG-ASP-HIS,99,0,6.313959072036474
706,TRP-GLN-ARG-LEU-THR,110,1,8.12315947534387
707,TRP-GLN-ARG-PHE-SER,108,1,8.429384914376877
708,TRP-GLY-TYR-LYS-PRO,100,1,15.187348767035616
709,TRP-LEU-HIS-HIS-GLN,106,0,4.9152872566264705
710,TRP-MET-ASP-GLY-HIS,89,-1,10.486105275712745
711,TRP-TYR-GLY-ALA-TYR,95,0,5.7320645391328275
712,TRP-VAL-PHE-GLY-ARG,103,1,8.02123140848287
713,TRP-VAL-PRO-LEU-ASN,99,0,11.65138758913381
714,TUK,47,0,6.02377997780479
715,TVM,41,0,2.7322926071871834
716,TX9,79,0,6.782072374831154
717,TXK,75,0,6.028150769908582
718,TYD,41,0,10.477897534899238
719,TYR-ASN-ILE-PHE-SER,97,0,6.296795552906729
720,TYR-CYS-CYS-PHE-ASN,89,0,5.6513061066968175
721,TYR-GLN-GLU-GLY-MET,89,-1,5.142861653074377
722,TYR-GLU-ASP-TRP-ASN,98,-2,14.45729430211488
723,TYR-GLU-GLY-VAL-VAL,87,-1,15.732324103865217
724,TYR-HIS-GLN-GLU-ASN,96,-1,8.961762229495152
725,TYR-LEU-CYS-THR-HIS,94,0,3.5486331343814124
726,TYR-MET-ARG-GLN-PRO,105,1,9.391654731217002
727,TYR-MET-GLN-ARG-ASP,103,0,14.665640466208181
728,TYR-SER-CYS-GLU-ASN,84,-1,10.455154607633206
729,TYR-SER-VAL-TYR-TRP,105,0,5.076587117496334
730,TYR-TYR-ASP-VAL-ARG,106,0,7.549731331569718
731,U5X,41,0,2.4350722296404355
732,U6V,72,0,4.316914549930193
733,UD8,73,0,4.2390998252364325
734,UGN,44,0,4.651082411764946
735,UHD,48,0,4.118544365642689
736,UIC,79,0,3.852382726218396
737,UJE,45,0,4.674260602215266
738,UPB,79,0,13.935959470606111
739,UQO,76,0,8.696103318188236
740,UUB,72,0,6.3665527451865875
741,UY0,73,0,6.625576381237786
742,UYS,41,0,95.09177483024646
743,V3D,79,0,29.218534728717675
744,V51,43,0,2.1969489742725274
745,VAL-ASN-THR-ASN-CYS,81,0,6.153377284313643
746,VAL-GLN-GLN-MET-PRO,93,0,5.887290119538213
747,VAL-HIS-GLN-TRP-GLN,103,0,4.265914459661548
748,VAL-ILE-GLN-TRP-ASN,102,0,5.724054287271671
749,VAL-ILE-THR-TYR-HIS,99,0,4.4783584317378375
750,VAL-LYS-PRO-VAL-TRP,104,1,14.144098564502201
751,VAL-MET-GLN-HIS-VAL,95,0,6.7637908190456475
752,VAL-SER-TRP-HIS-TYR,101,0,6.465396419407302
753,VAL-THR-LEU-VAL-TYR,98,0,2.328163040181001
754,VAL-TYR-TRP-PHE-CYS,104,0,6.482823664563572
755,VAW,74,0,5.398338378632616
756,VD2,76,0,5.777484080187423
757,VED,48,0,2.9457355173052444
758,VKM,46,0,2.8524221887980983
759,VOJ,47,0,3.6192894067003283
760,VSE,70,0,4.556400542002666
761,VZV,70,0,5.135705845015683
762,W2X,50,0,7.914129180160025
763,W79,49,0,0.9900183616773575
764,WKW,48,0,3.959054441922409
765,WP0,50,0,4.294014602258863
766,WP6,44,0,2.6070132284917538
767,X23,73,0,4.875839900116019
768,X3S,47,0,3.8493024709156693
769,X5Y,77,0,3.681911379745482
770,X6K,42,0,2.955060214557226
771,X71,80,0,3.975108954501532
772,XDM,41,0,3.0681814171202455
773,XE7,49,0,2.514983410823657
774,XGL,40,0,3.1551932158358493
775,XIG,72,0,6.026294728911631
776,XMC,76,0,5.168655880610297
777,XMH,71,0,9.31821113417989
778,XQA,71,0,12.076322702798077
779,XRA,49,0,3.9731540552264453
780,XS1,71,0,3.774543006248698
781,Y2P,71,0,4.589042009613089
782,Y4V,78,0,6.518015611608118
783,Y5G,73,0,4.294309797010969
784,Y8V,75,0,5.878821936565752
785,YK8,78,0,4.40407047774101
786,YL2,45,0,10.219121485986397
787,YLY,75,0,10.445707839003443
788,YOH,77,0,3.881416744676325
789,YR4,78,0,3.4253077026369283
790,YWI,70,0,17.87484324319044
791,Z23,48,2,13.411721082694728
792,ZC0,44,0,3.5318344480493074
793,ZD1,46,0,5.878888257442304
794,ZDM,72,0,5.130710595118338
795,ZMM,42,0,1.1549605559527765
796,ZP1,70,0,10.589125229488046
797,ZQU,70,0,6.939456658135249
798,ZY0,79,0,6.064876868346538
